Workbook

Sheet Du_lieu
A1: Dữ liệu đầu vào – MediBook làm lại theo hướng linh hoạt
A3: Mã | B3: Tính năng | C3: Effort | D3: Giá trị
A4: F01 | B4: Đăng ký / đăng nhập bằng số điện thoại | C4: 5 | D4: 5
A5: F02 | B5: Tìm bác sĩ theo chuyên khoa | C5: 5 | D5: 5
A6: F03 | B6: Đặt lịch và chọn khung giờ | C6: 8 | D6: 5
A7: F04 | B7: Xác nhận lịch hẹn qua SMS | C7: 3 | D7: 4
A8: F05 | B8: Thanh toán online qua ví điện tử | C8: 13 | D8: 3
A9: F06 | B9: Đánh giá và chấm sao bác sĩ | C9: 5 | D9: 2
A10: F07 | B10: Xem lịch sử khám bệnh | C10: 5 | D10: 3
A11: F08 | B11: Nhắc lịch tự động trước 24 giờ | C11: 3 | D11: 4
A12: F09 | B12: Tư vấn video call với bác sĩ | C12: 13 | D12: 2
A13: F10 | B13: Bảng thống kê doanh thu cho phòng khám | C13: 8 | D13: 1
A15: Sức chứa mỗi chu kỳ 2 tuần (điểm) | C15: 20

Sheet Buoc1_2
A1: Bước 1–2: Xếp hạng theo tỷ lệ giá trị / effort và loại 2 tính năng thấp nhất
A2: Thứ tự xếp giảm dần theo tỷ lệ; khi bằng nhau thì tính năng có giá trị cao hơn đứng trước, rồi theo mã. Tỷ lệ = ROUND(Giá trị / Effort, 2).
A3: Thứ tự | B3: Mã | C3: Tính năng | D3: Effort | E3: Giá trị | F3: Tỷ lệ giá trị / effort | G3: Quyết định
A4: 1 | B4: F04 | C4: =INDEX(Du_lieu!B$4:B$13,MATCH($B4,Du_lieu!$A$4:$A$13,0)) -> Xác nhận lịch hẹn qua SMS | D4: =INDEX(Du_lieu!C$4:C$13,MATCH($B4,Du_lieu!$A$4:$A$13,0)) -> 3 | E4: =INDEX(Du_lieu!D$4:D$13,MATCH($B4,Du_lieu!$A$4:$A$13,0)) -> 4 | F4: =ROUND(E4/D4,2) -> 1.33 | G4: =IF(F4<=SMALL($F$4:$F$13,2),"Loại","Giữ") -> Giữ
A5: 2 | B5: F08 | C5: =INDEX(Du_lieu!B$4:B$13,MATCH($B5,Du_lieu!$A$4:$A$13,0)) -> Nhắc lịch tự động trước 24 giờ | D5: =INDEX(Du_lieu!C$4:C$13,MATCH($B5,Du_lieu!$A$4:$A$13,0)) -> 3 | E5: =INDEX(Du_lieu!D$4:D$13,MATCH($B5,Du_lieu!$A$4:$A$13,0)) -> 4 | F5: =ROUND(E5/D5,2) -> 1.33 | G5: =IF(F5<=SMALL($F$4:$F$13,2),"Loại","Giữ") -> Giữ
A6: 3 | B6: F01 | C6: =INDEX(Du_lieu!B$4:B$13,MATCH($B6,Du_lieu!$A$4:$A$13,0)) -> Đăng ký / đăng nhập bằng số điện thoại | D6: =INDEX(Du_lieu!C$4:C$13,MATCH($B6,Du_lieu!$A$4:$A$13,0)) -> 5 | E6: =INDEX(Du_lieu!D$4:D$13,MATCH($B6,Du_lieu!$A$4:$A$13,0)) -> 5 | F6: =ROUND(E6/D6,2) -> 1 | G6: =IF(F6<=SMALL($F$4:$F$13,2),"Loại","Giữ") -> Giữ
A7: 4 | B7: F02 | C7: =INDEX(Du_lieu!B$4:B$13,MATCH($B7,Du_lieu!$A$4:$A$13,0)) -> Tìm bác sĩ theo chuyên khoa | D7: =INDEX(Du_lieu!C$4:C$13,MATCH($B7,Du_lieu!$A$4:$A$13,0)) -> 5 | E7: =INDEX(Du_lieu!D$4:D$13,MATCH($B7,Du_lieu!$A$4:$A$13,0)) -> 5 | F7: =ROUND(E7/D7,2) -> 1 | G7: =IF(F7<=SMALL($F$4:$F$13,2),"Loại","Giữ") -> Giữ
A8: 5 | B8: F03 | C8: =INDEX(Du_lieu!B$4:B$13,MATCH($B8,Du_lieu!$A$4:$A$13,0)) -> Đặt lịch và chọn khung giờ | D8: =INDEX(Du_lieu!C$4:C$13,MATCH($B8,Du_lieu!$A$4:$A$13,0)) -> 8 | E8: =INDEX(Du_lieu!D$4:D$13,MATCH($B8,Du_lieu!$A$4:$A$13,0)) -> 5 | F8: =ROUND(E8/D8,2) -> 0.63 | G8: =IF(F8<=SMALL($F$4:$F$13,2),"Loại","Giữ") -> Giữ
A9: 6 | B9: F07 | C9: =INDEX(Du_lieu!B$4:B$13,MATCH($B9,Du_lieu!$A$4:$A$13,0)) -> Xem lịch sử khám bệnh | D9: =INDEX(Du_lieu!C$4:C$13,MATCH($B9,Du_lieu!$A$4:$A$13,0)) -> 5 | E9: =INDEX(Du_lieu!D$4:D$13,MATCH($B9,Du_lieu!$A$4:$A$13,0)) -> 3 | F9: =ROUND(E9/D9,2) -> 0.6 | G9: =IF(F9<=SMALL($F$4:$F$13,2),"Loại","Giữ") -> Giữ
A10: 7 | B10: F06 | C10: =INDEX(Du_lieu!B$4:B$13,MATCH($B10,Du_lieu!$A$4:$A$13,0)) -> Đánh giá và chấm sao bác sĩ | D10: =INDEX(Du_lieu!C$4:C$13,MATCH($B10,Du_lieu!$A$4:$A$13,0)) -> 5 | E10: =INDEX(Du_lieu!D$4:D$13,MATCH($B10,Du_lieu!$A$4:$A$13,0)) -> 2 | F10: =ROUND(E10/D10,2) -> 0.4 | G10: =IF(F10<=SMALL($F$4:$F$13,2),"Loại","Giữ") -> Giữ
A11: 8 | B11: F05 | C11: =INDEX(Du_lieu!B$4:B$13,MATCH($B11,Du_lieu!$A$4:$A$13,0)) -> Thanh toán online qua ví điện tử | D11: =INDEX(Du_lieu!C$4:C$13,MATCH($B11,Du_lieu!$A$4:$A$13,0)) -> 13 | E11: =INDEX(Du_lieu!D$4:D$13,MATCH($B11,Du_lieu!$A$4:$A$13,0)) -> 3 | F11: =ROUND(E11/D11,2) -> 0.23 | G11: =IF(F11<=SMALL($F$4:$F$13,2),"Loại","Giữ") -> Giữ
A12: 9 | B12: F09 | C12: =INDEX(Du_lieu!B$4:B$13,MATCH($B12,Du_lieu!$A$4:$A$13,0)) -> Tư vấn video call với bác sĩ | D12: =INDEX(Du_lieu!C$4:C$13,MATCH($B12,Du_lieu!$A$4:$A$13,0)) -> 13 | E12: =INDEX(Du_lieu!D$4:D$13,MATCH($B12,Du_lieu!$A$4:$A$13,0)) -> 2 | F12: =ROUND(E12/D12,2) -> 0.15 | G12: =IF(F12<=SMALL($F$4:$F$13,2),"Loại","Giữ") -> Loại
A13: 10 | B13: F10 | C13: =INDEX(Du_lieu!B$4:B$13,MATCH($B13,Du_lieu!$A$4:$A$13,0)) -> Bảng thống kê doanh thu cho phòng khám | D13: =INDEX(Du_lieu!C$4:C$13,MATCH($B13,Du_lieu!$A$4:$A$13,0)) -> 8 | E13: =INDEX(Du_lieu!D$4:D$13,MATCH($B13,Du_lieu!$A$4:$A$13,0)) -> 1 | F13: =ROUND(E13/D13,2) -> 0.13 | G13: =IF(F13<=SMALL($F$4:$F$13,2),"Loại","Giữ") -> Loại
A15: Tổng effort các tính năng giữ lại | D15: =SUMIF(G4:G13,"Giữ",D4:D13) -> 47
A17: Lý do loại (mỗi tính năng đúng 1 câu, dựa trên tương quan giá trị và nỗ lực)
A18: Mã | B18: Tính năng bị loại | D18: Lý do loại (1 câu)
A19: F09 | B19: Tư vấn video call với bác sĩ | D19: Tỷ lệ chỉ 0,15 vì phải bỏ ra 13 điểm nỗ lực, gần bằng cả Chu kỳ 1, mà chỉ nhận về giá trị 2/5, thấp hơn mọi tính năng được giữ lại.
A20: F10 | B20: Bảng thống kê doanh thu cho phòng khám | D20: Tỷ lệ chỉ 0,13 (thấp nhất danh sách) vì tốn 8 điểm nỗ lực mà chỉ đạt giá trị 1/5 trên thang 5.

Sheet Buoc3_4
A1: Bước 3–4: Lộ trình theo chu kỳ 2 tuần, mỗi chu kỳ ra một phần mềm chạy được
A2: Ô chữ xanh ở cột "Chu kỳ" là quyết định xếp lịch (có thể đổi để thử); tổng điểm tự tính lại.
A4: BƯỚC 3 – Xếp các tính năng còn lại vào chu kỳ (theo thứ tự tỷ lệ giảm dần)
A5: Mã | B5: Tính năng | C5: Effort | D5: Tỷ lệ | E5: Chu kỳ
A6: F04 | B6: =INDEX(Du_lieu!$B$4:$B$13,MATCH($A6,Du_lieu!$A$4:$A$13,0)) -> Xác nhận lịch hẹn qua SMS | C6: =INDEX(Du_lieu!$C$4:$C$13,MATCH($A6,Du_lieu!$A$4:$A$13,0)) -> 3 | D6: =INDEX(Buoc1_2!$F$4:$F$13,MATCH($A6,Buoc1_2!$B$4:$B$13,0)) -> 1.33 | E6: 2
A7: F08 | B7: =INDEX(Du_lieu!$B$4:$B$13,MATCH($A7,Du_lieu!$A$4:$A$13,0)) -> Nhắc lịch tự động trước 24 giờ | C7: =INDEX(Du_lieu!$C$4:$C$13,MATCH($A7,Du_lieu!$A$4:$A$13,0)) -> 3 | D7: =INDEX(Buoc1_2!$F$4:$F$13,MATCH($A7,Buoc1_2!$B$4:$B$13,0)) -> 1.33 | E7: 2
A8: F01 | B8: =INDEX(Du_lieu!$B$4:$B$13,MATCH($A8,Du_lieu!$A$4:$A$13,0)) -> Đăng ký / đăng nhập bằng số điện thoại | C8: =INDEX(Du_lieu!$C$4:$C$13,MATCH($A8,Du_lieu!$A$4:$A$13,0)) -> 5 | D8: =INDEX(Buoc1_2!$F$4:$F$13,MATCH($A8,Buoc1_2!$B$4:$B$13,0)) -> 1 | E8: 1
A9: F02 | B9: =INDEX(Du_lieu!$B$4:$B$13,MATCH($A9,Du_lieu!$A$4:$A$13,0)) -> Tìm bác sĩ theo chuyên khoa | C9: =INDEX(Du_lieu!$C$4:$C$13,MATCH($A9,Du_lieu!$A$4:$A$13,0)) -> 5 | D9: =INDEX(Buoc1_2!$F$4:$F$13,MATCH($A9,Buoc1_2!$B$4:$B$13,0)) -> 1 | E9: 1
A10: F03 | B10: =INDEX(Du_lieu!$B$4:$B$13,MATCH($A10,Du_lieu!$A$4:$A$13,0)) -> Đặt lịch và chọn khung giờ | C10: =INDEX(Du_lieu!$C$4:$C$13,MATCH($A10,Du_lieu!$A$4:$A$13,0)) -> 8 | D10: =INDEX(Buoc1_2!$F$4:$F$13,MATCH($A10,Buoc1_2!$B$4:$B$13,0)) -> 0.63 | E10: 1
A11: F07 | B11: =INDEX(Du_lieu!$B$4:$B$13,MATCH($A11,Du_lieu!$A$4:$A$13,0)) -> Xem lịch sử khám bệnh | C11: =INDEX(Du_lieu!$C$4:$C$13,MATCH($A11,Du_lieu!$A$4:$A$13,0)) -> 5 | D11: =INDEX(Buoc1_2!$F$4:$F$13,MATCH($A11,Buoc1_2!$B$4:$B$13,0)) -> 0.6 | E11: 2
A12: F06 | B12: =INDEX(Du_lieu!$B$4:$B$13,MATCH($A12,Du_lieu!$A$4:$A$13,0)) -> Đánh giá và chấm sao bác sĩ | C12: =INDEX(Du_lieu!$C$4:$C$13,MATCH($A12,Du_lieu!$A$4:$A$13,0)) -> 5 | D12: =INDEX(Buoc1_2!$F$4:$F$13,MATCH($A12,Buoc1_2!$B$4:$B$13,0)) -> 0.4 | E12: 2
A13: F05 | B13: =INDEX(Du_lieu!$B$4:$B$13,MATCH($A13,Du_lieu!$A$4:$A$13,0)) -> Thanh toán online qua ví điện tử | C13: =INDEX(Du_lieu!$C$4:$C$13,MATCH($A13,Du_lieu!$A$4:$A$13,0)) -> 13 | D13: =INDEX(Buoc1_2!$F$4:$F$13,MATCH($A13,Buoc1_2!$B$4:$B$13,0)) -> 0.23 | E13: 3
A15: Tổng điểm từng chu kỳ
A16: Chu kỳ | B16: Tổng điểm | C16: Sức chứa | D16: Còn trống | E16: Kiểm tra
A17: 1 | B17: =SUMIF($E$6:$E$13,A17,$C$6:$C$13) -> 18 | C17: =Du_lieu!$C$15 -> 20 | D17: =C17-B17 -> 2 | E17: =IF(B17<=C17,"Đạt","Vượt") -> Đạt
A18: 2 | B18: =SUMIF($E$6:$E$13,A18,$C$6:$C$13) -> 16 | C18: =Du_lieu!$C$15 -> 20 | D18: =C18-B18 -> 4 | E18: =IF(B18<=C18,"Đạt","Vượt") -> Đạt
A19: 3 | B19: =SUMIF($E$6:$E$13,A19,$C$6:$C$13) -> 13 | C19: =Du_lieu!$C$15 -> 20 | D19: =C19-B19 -> 7 | E19: =IF(B19<=C19,"Đạt","Vượt") -> Đạt
A20: Tổng | B20: =SUM(B17:B19) -> 47
A22: BƯỚC 4 – Lộ trình (mỗi chu kỳ một dòng)
A23: Chu kỳ | B23: Danh sách tính năng | C23: Tổng điểm | F23: Giá trị khách hàng nhận được sau chu kỳ (1 câu)
A24: 1 | B24: F01 Đăng nhập bằng số điện thoại; F02 Tìm bác sĩ theo chuyên khoa; F03 Đặt lịch và chọn khung giờ | C24: =B17 -> 18 | F24: Bệnh nhân đã tự đăng nhập, tìm được bác sĩ theo chuyên khoa và đặt được lịch khám có chọn khung giờ, tức một ứng dụng đặt khám dùng được từ đầu đến cuối.
A25: 2 | B25: F04 Xác nhận lịch hẹn qua SMS; F08 Nhắc lịch trước 24 giờ; F07 Xem lịch sử khám bệnh; F06 Đánh giá và chấm sao bác sĩ | C25: =B18 -> 16 | F25: Bệnh nhân nhận SMS xác nhận và nhắc lịch trước 24 giờ nên ít quên hẹn, đồng thời xem lại được lịch sử khám và chấm sao bác sĩ sau khi khám.
A26: 3 | B26: F05 Thanh toán online qua ví điện tử | C26: =B19 -> 13 | F26: Bệnh nhân thanh toán phí khám ngay trên ứng dụng bằng ví điện tử, không cần trả tại quầy khi đến khám.

Sheet Kiem_tra
A1: Đối chiếu bảng kiểm (tự động)
A3: Tiêu chí | B3: Kỳ vọng | C3: Thực tế (công thức) | D3: Kết quả
A4: Tỷ lệ F09 | B4: 0.15 | C4: =INDEX(Buoc1_2!$F$4:$F$13,MATCH("F09",Buoc1_2!$B$4:$B$13,0)) -> 0.15 | D4: =IF(C4=B4,"Đạt","Chưa đạt") -> Đạt
A5: Tỷ lệ F10 | B5: 0.13 | C5: =INDEX(Buoc1_2!$F$4:$F$13,MATCH("F10",Buoc1_2!$B$4:$B$13,0)) -> 0.13 | D5: =IF(C5=B5,"Đạt","Chưa đạt") -> Đạt
A6: Số tính năng bị loại | B6: 2 | C6: =COUNTIF(Buoc1_2!$G$4:$G$13,"Loại") -> 2 | D6: =IF(C6=B6,"Đạt","Chưa đạt") -> Đạt
A7: F09 và F10 đúng là hai tính năng bị loại (số khớp) | B7: 2 | C7: =COUNTIFS(Buoc1_2!$B$4:$B$13,"F09",Buoc1_2!$G$4:$G$13,"Loại")+COUNTIFS(Buoc1_2!$B$4:$B$13,"F10",Buoc1_2!$G$4:$G$13,"Loại") -> 2 | D7: =IF(C7=B7,"Đạt","Chưa đạt") -> Đạt
A8: Tổng effort còn lại (điểm) | B8: 47 | C8: =Buoc1_2!D15 -> 47 | D8: =IF(C8=B8,"Đạt","Chưa đạt") -> Đạt
A9: Số chu kỳ tối thiểu = làm tròn lên (effort còn lại / sức chứa) | B9: 3 | C9: =ROUNDUP(Buoc1_2!D15/Du_lieu!C15,0) -> 3 | D9: =IF(C9=B9,"Đạt","Chưa đạt") -> Đạt
A10: Số chu kỳ trong lộ trình | B10: 3 | C10: =MAX(Buoc3_4!E6:E13) -> 3 | D10: =IF(C10=B10,"Đạt","Chưa đạt") -> Đạt
A11: Tổng điểm Chu kỳ 1 | B11: 18 | C11: =Buoc3_4!B17 -> 18 | D11: =IF(C11=B11,"Đạt","Chưa đạt") -> Đạt
A12: Chu kỳ 1 gồm đúng F01, F02, F03 (số mã khớp) | B12: 3 | C12: =COUNTIFS(Buoc3_4!A6:A13,"F01",Buoc3_4!E6:E13,1)+COUNTIFS(Buoc3_4!A6:A13,"F02",Buoc3_4!E6:E13,1)+COUNTIFS(Buoc3_4!A6:A13,"F03",Buoc3_4!E6:E13,1) -> 3 | D12: =IF(AND(C12=B12,COUNTIF(Buoc3_4!E6:E13,1)=3),"Đạt","Chưa đạt") -> Đạt
A13: Tổng điểm lớn nhất của một chu kỳ (không vượt sức chứa) | B13: 20 | C13: =MAX(Buoc3_4!B17:B19) -> 18 | D13: =IF(C13<=B13,"Đạt","Chưa đạt") -> Đạt
A14: Tổng điểm ba chu kỳ bằng tổng effort còn lại | B14: 47 | C14: =Buoc3_4!B20 -> 47 | D14: =IF(C14=B14,"Đạt","Chưa đạt") -> Đạt
A16: Kỳ vọng lấy từ bảng kiểm của đề bài (chữ xanh). Dòng "Tổng điểm lớn nhất" có kỳ vọng là sức chứa tối đa 20 điểm.
